type,name,module,path,hash
"csv","agent-manifest","_cfg","bmad/_cfg/agent-manifest.csv","cbb6934cb1d6b29caecfeb536b6d347e73ea900fa9efbf12c38e1826f4474ab8"
"csv","task-manifest","_cfg","bmad/_cfg/task-manifest.csv","28d6dfc4c696bfac794693bb4709d69f2b4ed174c111c78e02b0b4a8628190be"
"csv","workflow-manifest","_cfg","bmad/_cfg/workflow-manifest.csv","8c5bf5bddfd1768463163219b45dbcf4323fac51328fde1824601d22c3b7a56a"
"yaml","manifest","_cfg","bmad/_cfg/manifest.yaml","87e754dc3b57a44809dce9acd81f3d6feaf49be6a25a32ccf060a8269d1b03e4"
"js","installer","bmb","bmad/bmb/workflows/create-module/installer-templates/installer.js","309ecdf2cebbb213a9139e5b7780d0d42bd60f665c497691773f84202e6667a7"
"md","agent-architecture","bmb","bmad/bmb/workflows/create-agent/agent-architecture.md","09777d7cc03df0422a661bcf9abef03a7dcdfb3a93983b38dc2d1a416994f511"
"md","agent-command-patterns","bmb","bmad/bmb/workflows/create-agent/agent-command-patterns.md","8c5972a5aad50f7f6e39ed14edca9c609a7da8be21edf6f872f5ce8481e11738"
"md","agent-types","bmb","bmad/bmb/workflows/create-agent/agent-types.md","a9429475767b6db4bb74fb27e328a8fdb3e8e7176edb2920ae3e0106d85e9d83"
"md","bmad-builder","bmb","bmad/bmb/agents/bmad-builder.md","61a54bbbbd5d6b0957ae30f3c607f0b1dd8ca86b2c070822ad6f38402c2e6fda"
"md","brainstorm-context","bmb","bmad/bmb/workflows/create-agent/brainstorm-context.md","85be72976c4ff5d79b2bce8e6b433f5e3526a7466a72b3efdb4f6d3d118e1d15"
"md","brainstorm-context","bmb","bmad/bmb/workflows/create-module/brainstorm-context.md","62b902177d2cb56df2d6a12e5ec5c7d75ec94770ce22ac72c96691a876ed2e6a"
"md","brainstorm-context","bmb","bmad/bmb/workflows/create-workflow/brainstorm-context.md","f246ec343e338068b37fee8c93aa6d2fe1d4857addba6db3fe6ad80a2a2950e8"
"md","checklist","bmb","bmad/bmb/workflows/audit-workflow/checklist.md","b5a43d33f6760997b87037511d07d6f47e143a1c0c462a5a120f878fa993e33a"
"md","checklist","bmb","bmad/bmb/workflows/convert-legacy/checklist.md","5b1d73af9b003ad5074c31ea1c8a0dbc9abec27282dcf4fb5a35c6ef7d5563b2"
"md","checklist","bmb","bmad/bmb/workflows/create-agent/checklist.md","837667f2bd601833568b327b961ba0dd363ba9a0d240625eebc9d1a9685ecbd8"
"md","checklist","bmb","bmad/bmb/workflows/create-module/checklist.md","db26f4a13ae2b1947dc7159970486a7c18f3e5dc1d670ab63eb84a7bf3c5b571"
"md","checklist","bmb","bmad/bmb/workflows/create-workflow/checklist.md","78325ed31532c0059a3f647f7f4cda7702919a9ef43634afa419d3fa30ee2a0c"
"md","checklist","bmb","bmad/bmb/workflows/create-workflow/workflow-template/checklist.md","a950c68c71cd54b5a3ef4c8d68ad8ec40d5d1fa057f7c95e697e975807ae600b"
"md","checklist","bmb","bmad/bmb/workflows/edit-agent/checklist.md","e9878537ef45be158ca222d21311247a9bf0502cdabcb14dd827871d6488cf0e"
"md","checklist","bmb","bmad/bmb/workflows/edit-module/checklist.md","c0f599a80efb36ee184bcc5c94c903bbac31f335830a493ec9b8f47157ae5568"
"md","checklist","bmb","bmad/bmb/workflows/edit-workflow/checklist.md","9677c087ddfb40765e611de23a5a009afe51c347683dfe5f7d9fd33712ac4795"
"md","checklist","bmb","bmad/bmb/workflows/module-brief/checklist.md","4710f9c7e48a1cb29b225d43955bf313271dc7f9bb471bfecb1a8edf5f57a10a"
"md","checklist","bmb","bmad/bmb/workflows/redoc/checklist.md","2117d60b14e19158f4b586878b3667d715d3b62f79815b72b55c2376ce31aae8"
"md","communication-styles","bmb","bmad/bmb/workflows/create-agent/communication-styles.md","96249cca9bee8f10b376e131729c633ea08328c44eaa6889343d2cf66127043e"
"md","instructions","bmb","bmad/bmb/workflows/audit-workflow/instructions.md","12c7b638245285b0f2df2bd3b23bb6b8f8741f6c79a081bf2a401f0effa6ddcb"
"md","instructions","bmb","bmad/bmb/workflows/convert-legacy/instructions.md","949815e443f201e1cf246ee89d305a74144d6870378e66ac53beaff6bf42c80a"
"md","instructions","bmb","bmad/bmb/workflows/create-agent/instructions.md","0735fa9eacd521ea5d3ac0545713929f1fcd81eb79359e2f23bfbe45cf1f0e36"
"md","instructions","bmb","bmad/bmb/workflows/create-module/instructions.md","1e160150f3ccfb8359899d9ad4d85e9e01d6a4ce9046bc024be4b57ff064c6a2"
"md","instructions","bmb","bmad/bmb/workflows/create-workflow/instructions.md","09b48e66f9805089cf367ad63ffda96c82a8349f1c8ae44a17d0e29d1841fbed"
"md","instructions","bmb","bmad/bmb/workflows/create-workflow/workflow-template/instructions.md","01a23bc7d51b788c4b044520ca733e0b74ff7f84d2373d47bfa82ffde5a0a931"
"md","instructions","bmb","bmad/bmb/workflows/edit-agent/instructions.md","0bc81290f33d1101b23ca29cb9f6537e7743113857c113c5bb5a36318d055be8"
"md","instructions","bmb","bmad/bmb/workflows/edit-module/instructions.md","b6be0ac337129e4c5bd6099d8f50a10af462cba3d60cb46acb66525b31969842"
"md","instructions","bmb","bmad/bmb/workflows/edit-workflow/instructions.md","3efeeb83ff49e8187ed96488350b880c9b5eb138f73d87d94afd6698db04f1af"
"md","instructions","bmb","bmad/bmb/workflows/module-brief/instructions.md","b27559b94047d2634d7fb1f2a46908c09f8f008bbae371f5d93820b33dda3b81"
"md","instructions","bmb","bmad/bmb/workflows/redoc/instructions.md","21dd93b64455f8dd475b508ae9f1076d7e179e99fb6f197476071706b78e3592"
"md","module-structure","bmb","bmad/bmb/workflows/create-module/module-structure.md","88299cca005b44937db76348c8cca3ef1826367bd9993aa48b3aa01a674970d6"
"md","README","bmb","bmad/bmb/README.md","aa2beac1fb84267cbaa6d7eb541da824c34177a17cd227f11b189ab3a1e06d33"
"md","README","bmb","bmad/bmb/workflows/convert-legacy/README.md","41418150ce62e7621601268a2238da0304d12accc7a8e96a90d3f3e6b7f45f78"
"md","README","bmb","bmad/bmb/workflows/create-agent/README.md","f4da5c16fb4847252b09b82d70f027ae08e78b75bb101601f2ca3d2c2c884736"
"md","README","bmb","bmad/bmb/workflows/create-module/README.md","539d3d12d78efcbe0b8b1a21a3916655b8a7356f763844aa6c735b7e8e8bb7e4"
"md","README","bmb","bmad/bmb/workflows/create-workflow/README.md","18b334dfb3bd6dd413a79e763a4f1f8a6f0fc206a66069ba0923de04d7a64872"
"md","README","bmb","bmad/bmb/workflows/edit-agent/README.md","fadee8e28804d5b6d6668689ee83e024035d2be2840fd6c359e0e095f0e4dcf9"
"md","README","bmb","bmad/bmb/workflows/edit-module/README.md","807df3d74f673399042331e4c5034466d8f146c4b2cdb39fe63ccde6f4509843"
"md","README","bmb","bmad/bmb/workflows/edit-workflow/README.md","2db00015c03a3ed7df4ff609ac27a179885145e4c8190862eea70d8b894ee9be"
"md","README","bmb","bmad/bmb/workflows/module-brief/README.md","d52ab0914ec83b2b97fded6b0b278f55fe82bb1ac78cbe202c03cf761fcce8ea"
"md","README","bmb","bmad/bmb/workflows/redoc/README.md","a1b7e02427cf252bca69a8a1ee0f554844a6a01b5d568d74f494c71542056173"
"md","template","bmb","bmad/bmb/workflows/audit-workflow/template.md","98e65880cac3ffb123e513abd48710e57e461418dd79a07d6b712505ed3ddb0e"
"md","template","bmb","bmad/bmb/workflows/create-workflow/workflow-template/template.md","c98f65a122035b456f1cbb2df6ecaf06aa442746d93a29d1d0ed2fc9274a43ee"
"md","template","bmb","bmad/bmb/workflows/module-brief/template.md","7d1ad5ec40b06510fcbb0a3da8ea32aefa493e5b04c3a2bba90ce5685b894275"
"md","workflow-creation-guide","bmb","bmad/bmb/workflows/create-workflow/workflow-creation-guide.md","3ab9aca16cf157cafa05207bd036ee7d81a62d93deff394cbeca85aaadf837c8"
"yaml","bmad-builder.agent","bmb","bmad/bmb/agents/bmad-builder.agent.yaml",""
"yaml","config","bmb","bmad/bmb/config.yaml","ede749894020eb63fded1ab572e0a6fde47cf4d4ca84c4b08c9a1d894c353705"
"yaml","install-config","bmb","bmad/bmb/workflows/create-module/installer-templates/install-config.yaml","f20caf43009df9955b5fa0fa333851bf8b860568c05707d60ed295179c8abfde"
"yaml","workflow","bmb","bmad/bmb/workflows/audit-workflow/workflow.yaml","24a82e15c41995c938c7f338254e5f414cfa8b9b679f3325e8d18435c992ab1c"
"yaml","workflow","bmb","bmad/bmb/workflows/convert-legacy/workflow.yaml","0f584b0a22f26b487cbe1d648ef226911e7db286f13d0ff1da9249f20f712ca7"
"yaml","workflow","bmb","bmad/bmb/workflows/create-agent/workflow.yaml","8cb7386d51a0c3a28e8b220a6dd88af26cc5f0658bf3c2ad5d673358f9e9ca9d"
"yaml","workflow","bmb","bmad/bmb/workflows/create-module/workflow.yaml","60d416142f7f1cd4fbb46e962c3186665c095651f0265a60219b5140f33b7805"
"yaml","workflow","bmb","bmad/bmb/workflows/create-workflow/workflow-template/workflow.yaml","81f86e155ba06f959185b21a8cfd807b3c31683226d850a242564d187d3bbf9c"
"yaml","workflow","bmb","bmad/bmb/workflows/create-workflow/workflow.yaml","931bb50759c791e5dc0388ee337ad2f608bd389f2c3343e6b99e14f4ab2e0c1b"
"yaml","workflow","bmb","bmad/bmb/workflows/edit-agent/workflow.yaml","3aead1e9280891501700c5051628ea94dea034ebca8ec411983b63454c32edd0"
"yaml","workflow","bmb","bmad/bmb/workflows/edit-module/workflow.yaml","142dca7629be43ec752ea60e86d104980f03c99a0b6ce85d32d620b9df08059e"
"yaml","workflow","bmb","bmad/bmb/workflows/edit-workflow/workflow.yaml","e5e68a749aaaa0c3ef69189d092c66708f32f784a33d0b20cadfe692a079d9d3"
"yaml","workflow","bmb","bmad/bmb/workflows/module-brief/workflow.yaml","050ca388f0e73df57f221b85890f1f32dd0a750dfc3c79f333de9407f3864626"
"yaml","workflow","bmb","bmad/bmb/workflows/redoc/workflow.yaml","0bef37556f6478ed886845c9811ecc97f41a240d3acd6c2e97ea1e2914f3abf7"
"csv","default-party","bmm","bmad/bmm/teams/default-party.csv","5cac772c6ca7510b511c90f3e5c135cd42dc0ab567a6ded3c3cfb4fb032f2f6e"
"csv","documentation-requirements","bmm","bmad/bmm/workflows/document-project/documentation-requirements.csv","d1253b99e88250f2130516b56027ed706e643bfec3d99316727a4c6ec65c6c1d"
"csv","domain-complexity","bmm","bmad/bmm/workflows/2-plan-workflows/prd/domain-complexity.csv","ed4d30e9fd87db2d628fb66cac7a302823ef6ebb3a8da53b9265326f10a54e11"
"csv","pattern-categories","bmm","bmad/bmm/workflows/3-solutioning/architecture/pattern-categories.csv","d9a275931bfed32a65106ce374f2bf8e48ecc9327102a08f53b25818a8c78c04"
"csv","project-types","bmm","bmad/bmm/workflows/2-plan-workflows/prd/project-types.csv","7a01d336e940fb7a59ff450064fd1194cdedda316370d939264a0a0adcc0aca3"
"csv","tea-index","bmm","bmad/bmm/testarch/tea-index.csv","23b0e383d06e039a77bb1611b168a2bb5323ed044619a592ac64e36911066c83"
"json","excalidraw-library","bmm","bmad/bmm/workflows/frame-expert/_shared/excalidraw-library.json","8e5079f4e79ff17f4781358423f2126a1f14ab48bbdee18fd28943865722030c"
"json","project-scan-report-schema","bmm","bmad/bmm/workflows/document-project/templates/project-scan-report-schema.json","53255f15a10cab801a1d75b4318cdb0095eed08c51b3323b7e6c236ae6b399b7"
"md","agents-guide","bmm","bmad/bmm/docs/agents-guide.md","0c5342d78f21810ac5e6e3ad9c3d952bb295418fbeb2644cc4c0ca00dc899584"
"md","analyst","bmm","bmad/bmm/agents/analyst.md","a63e00670f8e58962aed9caca37255a787f6d2d969b603eef3d31d97b3205599"
"md","architect","bmm","bmad/bmm/agents/architect.md","9f22b32fb46f4896e9e23efdc94ee2ee2dc89bbf8df37f54c3a88ee704d536c7"
"md","architecture-template","bmm","bmad/bmm/workflows/3-solutioning/architecture/architecture-template.md","a4908c181b04483c589ece1eb09a39f835b8a0dcb871cb624897531c371f5166"
"md","atdd-checklist-template","bmm","bmad/bmm/workflows/testarch/atdd/atdd-checklist-template.md","9944d7b488669bbc6e9ef537566eb2744e2541dad30a9b2d9d4ae4762f66b337"
"md","backlog_template","bmm","bmad/bmm/workflows/4-implementation/code-review/backlog_template.md","84b1381c05012999ff9a8b036b11c8aa2f926db4d840d256b56d2fa5c11f4ef7"
"md","brownfield-guide","bmm","bmad/bmm/docs/brownfield-guide.md","c40aa4afaca2200bdc92081823d4cd50f1bfd297325cb34e67f6d62e129235bc"
"md","checklist","bmm","bmad/bmm/workflows/1-analysis/product-brief/checklist.md","d801d792e3cf6f4b3e4c5f264d39a18b2992a197bc347e6d0389cc7b6c5905de"
"md","checklist","bmm","bmad/bmm/workflows/1-analysis/research/checklist.md","eca09a6e7fc21316b11c022395b729dd56a615cbe483932ba65e1c11be9d95ed"
"md","checklist","bmm","bmad/bmm/workflows/2-plan-workflows/create-ux-design/checklist.md","1aa5bc2ad9409fab750ce55475a69ec47b7cdb5f4eac93b628bb5d9d3ea9dacb"
"md","checklist","bmm","bmad/bmm/workflows/2-plan-workflows/prd/checklist.md","9c3f0452b3b520ac2e975bf8b3e0325f07c40ff45d20f79aad610e489167770e"
"md","checklist","bmm","bmad/bmm/workflows/2-plan-workflows/tech-spec/checklist.md","96f45cbdbdc8a654a434c3886d10e7727088313354449c8642ab4dfa5868c50c"
"md","checklist","bmm","bmad/bmm/workflows/3-solutioning/architecture/checklist.md","659be7cf938f64dc5c5f35a2e87cdf07df3dbfbf7db0dbd532761c36b485898a"
"md","checklist","bmm","bmad/bmm/workflows/3-solutioning/solutioning-gate-check/checklist.md","6024d4064ad1010a9bbdbaa830c01adba27c1aba6bf0153d88eee460427af799"
"md","checklist","bmm","bmad/bmm/workflows/4-implementation/code-review/checklist.md","549f958bfe0b28f33ed3dac7b76ea8f266630b3e67f4bda2d4ae85be518d3c89"
"md","checklist","bmm","bmad/bmm/workflows/4-implementation/correct-course/checklist.md","33b2acfcc8fdbab18637218f6c6d16055e0004f0d818f993b0a6aeafac1f6112"
"md","checklist","bmm","bmad/bmm/workflows/4-implementation/create-story/checklist.md","e3a636b15f010fc0c337e35c2a9427d4a0b9746f7f2ac5dda0b2f309f469f5d1"
"md","checklist","bmm","bmad/bmm/workflows/4-implementation/dev-story/checklist.md","77cecc9d45050de194300c841e7d8a11f6376e2fbe0a5aac33bb2953b1026014"
"md","checklist","bmm","bmad/bmm/workflows/4-implementation/epic-tech-context/checklist.md","5e90dc12e01ba5f00301a6724fdac5585596fd6dfc670913938e9e92cdca133a"
"md","checklist","bmm","bmad/bmm/workflows/4-implementation/sprint-planning/checklist.md","80b10aedcf88ab1641b8e5f99c9a400c8fd9014f13ca65befc5c83992e367dd7"
"md","checklist","bmm","bmad/bmm/workflows/4-implementation/story-context/checklist.md","89c90d004e0649624a533d09604384c297b2891847c87cf1dcb358e9c8d0d723"
"md","checklist","bmm","bmad/bmm/workflows/document-project/checklist.md","2f1edb9e5e0b003f518b333ae842f344ff94d4dda7df07ba7f30c5b066013a68"
"md","checklist","bmm","bmad/bmm/workflows/frame-expert/create-dataflow/checklist.md","f420aaf346833dfda5454ffec9f90a680e903453bcc4d3e277d089e6781fec55"
"md","checklist","bmm","bmad/bmm/workflows/frame-expert/create-diagram/checklist.md","6357350a6e2237c1b819edd8fc847e376192bf802000cb1a4337c9584fc91a18"
"md","checklist","bmm","bmad/bmm/workflows/frame-expert/create-flowchart/checklist.md","45aaf882b8e9a1042683406ae2cfc0b23d3d39bd1dac3ddb0778d5b7165f7047"
"md","checklist","bmm","bmad/bmm/workflows/frame-expert/create-wireframe/checklist.md","588f9354bf366c173aa261cf5a8b3a87c878ea72fd2c0f8088c4b3289e984641"
"md","checklist","bmm","bmad/bmm/workflows/testarch/atdd/checklist.md","c4fa594d949dd8f1f818c11054b28643b458ab05ed90cf65f118deb1f4818e9f"
"md","checklist","bmm","bmad/bmm/workflows/testarch/automate/checklist.md","bf1ae220c15c9f263967d1606658b19adcd37d57aef2b0faa30d34f01e5b0d22"
"md","checklist","bmm","bmad/bmm/workflows/testarch/ci/checklist.md","c40143aaf0e34c264a2f737e14a50ec85d861bda78235cf01a3c63413d996dc8"
"md","checklist","bmm","bmad/bmm/workflows/testarch/framework/checklist.md","16cc3aee710abb60fb85d2e92f0010b280e66b38fac963c0955fb36e7417103a"
"md","checklist","bmm","bmad/bmm/workflows/testarch/nfr-assess/checklist.md","044416df40402db39eb660509eedadafc292c16edc247cf93812f2a325ee032c"
"md","checklist","bmm","bmad/bmm/workflows/testarch/test-design/checklist.md","1a7e5e975d5a2bd3afd81e743e5ee3a2aa72571fce250caac24a6643808394eb"
"md","checklist","bmm","bmad/bmm/workflows/testarch/test-review/checklist.md","0626c675114c23019e20e4ae2330a64baba43ad11774ff268c027b3c584a0891"
"md","checklist","bmm","bmad/bmm/workflows/testarch/trace/checklist.md","a4468ae2afa9cf676310ec1351bb34317d5390e4a02ded9684cc15a62f2fd4fd"
"md","checklist-deep-prompt","bmm","bmad/bmm/workflows/1-analysis/research/checklist-deep-prompt.md","5caaa34bd252cf26e50f75d25b6cff8cfaf2f56615f1141cd75225e7d8e9b00a"
"md","checklist-technical","bmm","bmad/bmm/workflows/1-analysis/research/checklist-technical.md","aab903438d953c3b3f5a9b1090346452077db4e3cda3ce5af3a564b52b4487fc"
"md","ci-burn-in","bmm","bmad/bmm/testarch/knowledge/ci-burn-in.md","de0092c37ea5c24b40a1aff90c5560bbe0c6cc31702de55d4ea58c56a2e109af"
"md","component-tdd","bmm","bmad/bmm/testarch/knowledge/component-tdd.md","88bd1f9ca1d5bcd1552828845fe80b86ff3acdf071bac574eda744caf7120ef8"
"md","contract-testing","bmm","bmad/bmm/testarch/knowledge/contract-testing.md","d8f662c286b2ea4772213541c43aebef006ab6b46e8737ebdc4a414621895599"
"md","data-factories","bmm","bmad/bmm/testarch/knowledge/data-factories.md","d7428fe7675da02b6f5c4c03213fc5e542063f61ab033efb47c1c5669b835d88"
"md","deep-dive-instructions","bmm","bmad/bmm/workflows/document-project/workflows/deep-dive-instructions.md","a567fc43c918ca3f77440e75ce2ac7779740550ad848cade130cca1837115c1e"
"md","deep-dive-template","bmm","bmad/bmm/workflows/document-project/templates/deep-dive-template.md","6198aa731d87d6a318b5b8d180fc29b9aa53ff0966e02391c17333818e94ffe9"
"md","dev","bmm","bmad/bmm/agents/dev.md","2bfd88e127d679f6ae5d512ccb0a9373082a620546933bd56eca4413e4ba3f94"
"md","documentation-standards","bmm","bmad/bmm/workflows/techdoc/documentation-standards.md","fc26d4daff6b5a73eb7964eacba6a4f5cf8f9810a8c41b6949c4023a4176d853"
"md","email-auth","bmm","bmad/bmm/testarch/knowledge/email-auth.md","43f4cc3138a905a91f4a69f358be6664a790b192811b4dfc238188e826f6b41b"
"md","enterprise-agentic-development","bmm","bmad/bmm/docs/enterprise-agentic-development.md","cbd0dbcd90769fbbc3e28c1b7c9072091f4365c5d04bb3ef61a6c1c1f7d89931"
"md","epics-template","bmm","bmad/bmm/workflows/2-plan-workflows/create-epics-and-stories/epics-template.md","9adb82dfce092b40756578c15eddab540c5c987abd7fcc323f3d76b2999eb115"
"md","epics-template","bmm","bmad/bmm/workflows/2-plan-workflows/tech-spec/epics-template.md","2eb396607543da58e6accdf0617773d9db059632ef8cb069ec745b790274704c"
"md","error-handling","bmm","bmad/bmm/testarch/knowledge/error-handling.md","8a314eafb31e78020e2709d88aaf4445160cbefb3aba788b62d1701557eb81c1"
"md","excalidraw-helpers","bmm","bmad/bmm/workflows/frame-expert/_shared/excalidraw-helpers.md","37f18fa0bd15f85a33e7526a2cbfe1d5a9404f8bcb8febc79b782361ef790de4"
"md","faq","bmm","bmad/bmm/docs/faq.md","1f688369ad0d8c51a266b9b96aff211687c0d829d2fa7d406f7c7e60296d473f"
"md","feature-flags","bmm","bmad/bmm/testarch/knowledge/feature-flags.md","f6db7e8de2b63ce40a1ceb120a4055fbc2c29454ad8fca5db4e8c065d98f6f49"
"md","fixture-architecture","bmm","bmad/bmm/testarch/knowledge/fixture-architecture.md","a3b6c1bcaf5e925068f3806a3d2179ac11dde7149e404bc4bb5602afb7392501"
"md","frame-expert","bmm","bmad/bmm/agents/frame-expert.md","039949c4b4ceeba10859c0a40218b515413c923993293d32300bf85ea8ec7c62"
"md","full-scan-instructions","bmm","bmad/bmm/workflows/document-project/workflows/full-scan-instructions.md","6c6e0d77b33f41757eed8ebf436d4def69cd6ce412395b047bf5909f66d876aa"
"md","glossary","bmm","bmad/bmm/docs/glossary.md","1b8010c64dd92319b1104de818e97c0faca075496f7c0a4484509836857a589d"
"md","index-template","bmm","bmad/bmm/workflows/document-project/templates/index-template.md","42c8a14f53088e4fda82f26a3fe41dc8a89d4bcb7a9659dd696136378b64ee90"
"md","instructions","bmm","bmad/bmm/workflows/1-analysis/brainstorm-project/instructions.md","683cd2d6ae6e708691e4d2a47a7fcd838ca9557f47e3d7723f08c6e6b9381441"
"md","instructions","bmm","bmad/bmm/workflows/1-analysis/domain-research/instructions.md","c76bbb723b829edfb33b5c9a97e1e1603ef85ff97d7c3e404ba7fe0a7b6655da"
"md","instructions","bmm","bmad/bmm/workflows/1-analysis/product-brief/instructions.md","743ccfc8e544634e5808d73a557b60340dacd97f48e4b835888150decc3a9b89"
"md","instructions","bmm","bmad/bmm/workflows/2-plan-workflows/create-epics-and-stories/instructions.md","6bda71ca042f5c06201aa2375b423db2706284aa393da7c6286e1b0956d186f4"
"md","instructions","bmm","bmad/bmm/workflows/2-plan-workflows/create-ux-design/instructions.md","29c1fc86504652748974414791c990cb9780ad4323e83221ba8e4a8a45976065"
"md","instructions","bmm","bmad/bmm/workflows/2-plan-workflows/prd/instructions.md","73756bc1df78c06d187099bd12c7df91a6adb20855d1f162279387055ecf6351"
"md","instructions","bmm","bmad/bmm/workflows/2-plan-workflows/tech-spec/instructions.md","1acc96895e04707fde5f9cfe7ef1b0cbdab9c448bb4bbfea4154dfe7b57ec602"
"md","instructions","bmm","bmad/bmm/workflows/3-solutioning/architecture/instructions.md","6f6b9335c867b9b3316e1298a2ce50dfa7a2dc301a4f12fad97d88196c396a7d"
"md","instructions","bmm","bmad/bmm/workflows/3-solutioning/solutioning-gate-check/instructions.md","ac9bfc4bcdee788b8d054d120a6dc5ba397289f53481026061f0bfda06747b9f"
"md","instructions","bmm","bmad/bmm/workflows/4-implementation/code-review/instructions.md","c8c578f05f7c31707149bd0029dd6b70837e4845bbea1f2a61d23d73c6150100"
"md","instructions","bmm","bmad/bmm/workflows/4-implementation/correct-course/instructions.md","d06959c057f53c16604c8c5d2fac83c6160164527657eff879b94e2855ad9735"
"md","instructions","bmm","bmad/bmm/workflows/4-implementation/create-story/instructions.md","fae632881c02d94ae447cb69fe025c4868128358e63cce57c6f1a37bcd37d9f1"
"md","instructions","bmm","bmad/bmm/workflows/4-implementation/dev-story/instructions.md","5761d4e2ac0e6548f7cb7bfd2a644197b0dd86198157b2e9023d6ac1c894d71e"
"md","instructions","bmm","bmad/bmm/workflows/4-implementation/epic-tech-context/instructions.md","88d7583806f9ac1ca1a31492328ebbf8ba869728da75b1b330d859f8cfc729ab"
"md","instructions","bmm","bmad/bmm/workflows/4-implementation/retrospective/instructions.md","26162a6ac04bbb313b209129186ab7cff4940f411be09af7f6fd9d937890acd8"
"md","instructions","bmm","bmad/bmm/workflows/4-implementation/sprint-planning/instructions.md","be1ab1e8d895367106c6025c3625fdbf935312fef229b1b47d76b1e84ecb51a9"
"md","instructions","bmm","bmad/bmm/workflows/4-implementation/story-context/instructions.md","b3f451b7d2222fbb1d6a595af12731c85af9303b8768e23ba184620b4b41add5"
"md","instructions","bmm","bmad/bmm/workflows/4-implementation/story-done/instructions.md","00e8b4b817b11a8bb1b7a3746fc9991c60acee1551c9de005c423ef9e670272f"
"md","instructions","bmm","bmad/bmm/workflows/4-implementation/story-ready/instructions.md","bfe8a3ebbd27dcf0d0d5e0ed038852496d15a711c65da0b8bc46c952b6e20c66"
"md","instructions","bmm","bmad/bmm/workflows/document-project/instructions.md","150154d560155635b7036043bb4c8ee99f52e4a34d1c9db13e955abc69a0452a"
"md","instructions","bmm","bmad/bmm/workflows/frame-expert/create-dataflow/instructions.md","760700bd5e4a5576c2f1af9e52a747b9d7e1cc1c3b3862ac94e950dd7b1cf396"
"md","instructions","bmm","bmad/bmm/workflows/frame-expert/create-diagram/instructions.md","ff86161cda138dd19602ee9b89950ab1dab3611d8bb95f49fd3c268b7a52c87b"
"md","instructions","bmm","bmad/bmm/workflows/frame-expert/create-flowchart/instructions.md","e6a4f10099636b32de9a6e538ae381ac10d4d069bce62767a159c6ca7404cadf"
"md","instructions","bmm","bmad/bmm/workflows/frame-expert/create-wireframe/instructions.md","282c97be3cb3144d03b4aeff9e008eccbf2471bd06fd7d8122938b889afac585"
"md","instructions","bmm","bmad/bmm/workflows/testarch/atdd/instructions.md","afed355e21b2592c2bfe6ce71c64f6556deb082c865208613427a33e5daa61e3"
"md","instructions","bmm","bmad/bmm/workflows/testarch/automate/instructions.md","43958a5fb17e5514101656720add81ae30dc7b38b5e0df596df4b7167d8cc059"
"md","instructions","bmm","bmad/bmm/workflows/testarch/ci/instructions.md","2dbb3687ec7423d01ae29ef0f67400b0df56756a7c0041ef367d6c95b6f695c2"
"md","instructions","bmm","bmad/bmm/workflows/testarch/framework/instructions.md","2bbaaa5559917cb2f5da2121df763893dc4ccd703afc385d9d71b5b379a798e8"
"md","instructions","bmm","bmad/bmm/workflows/testarch/nfr-assess/instructions.md","a3838c8e5dcb1735962176aa07cc8f7a1d5a1e1ad70207a27a8152015cfebbcb"
"md","instructions","bmm","bmad/bmm/workflows/testarch/test-design/instructions.md","a73ddb81f3c8f166a73b90ae369b05f318c1a7ed63839fd03c05f3f9b6605000"
"md","instructions","bmm","bmad/bmm/workflows/testarch/test-review/instructions.md","8e1ed220ae9fb0ea5eba0a75f7fc755b774d8c1cfbaf15c9b972fdbdab76d954"
"md","instructions","bmm","bmad/bmm/workflows/testarch/trace/instructions.md","300802c457c410105855193fda4f2ff124c31d5ad9f7d57506fbf75356a8ef2a"
"md","instructions","bmm","bmad/bmm/workflows/workflow-status/init/instructions.md","a9d8c13b3c8c066e04c8cd51c8ca3197a53b04a14c8301142980e28dae1325a5"
"md","instructions","bmm","bmad/bmm/workflows/workflow-status/instructions.md","964e4a1781855a63a6e816c84354d1608ab13304d957e1149fdcaaa7ccdbc1c2"
"md","instructions-deep-prompt","bmm","bmad/bmm/workflows/1-analysis/research/instructions-deep-prompt.md","10af16cecba705dfc6604b270a2ece1e08225822353f22d58e01efcfe29c6847"
"md","instructions-generate-stories","bmm","bmad/bmm/workflows/2-plan-workflows/tech-spec/instructions-generate-stories.md","69bcb6f27bd2685627d63bf19fcb8ffaf759bd9e86cff38eca0103945fe42fd6"
"md","instructions-market","bmm","bmad/bmm/workflows/1-analysis/research/instructions-market.md","f74830d2612fb265e43906cf35aff44df8e59a289b09ab757451ad50ff77ef60"
"md","instructions-router","bmm","bmad/bmm/workflows/1-analysis/research/instructions-router.md","8fe681c1902e66ff86f96228ca9932b5b688447f5ff66611514289dc2b926d4c"
"md","instructions-technical","bmm","bmad/bmm/workflows/1-analysis/research/instructions-technical.md","0e67282d1fe4d443910a773c2bc59efecab0606b7eb2b5cad3bfe25fa71ea417"
"md","network-first","bmm","bmad/bmm/testarch/knowledge/network-first.md","2920e58e145626f5505bcb75e263dbd0e6ac79a8c4c2ec138f5329e06a6ac014"
"md","nfr-criteria","bmm","bmad/bmm/testarch/knowledge/nfr-criteria.md","e63cee4a0193e4858c8f70ff33a497a1b97d13a69da66f60ed5c9a9853025aa1"
"md","nfr-report-template","bmm","bmad/bmm/workflows/testarch/nfr-assess/nfr-report-template.md","b1d8fcbdfc9715a285a58cb161242dea7d311171c09a2caab118ad8ace62b80c"
"md","party-mode","bmm","bmad/bmm/docs/party-mode.md","1f62cb3f3f292a5a3d08b295f62fbeb46abff6eb9743abdd5112b49032a7253e"
"md","playwright-config","bmm","bmad/bmm/testarch/knowledge/playwright-config.md","42516511104a7131775f4446196cf9e5dd3295ba3272d5a5030660b1dffaa69f"
"md","pm","bmm","bmad/bmm/agents/pm.md","b73790e36a7bd4b59b0cb2df24de064577caf1be528ae8853343531ce3eccda6"
"md","prd-template","bmm","bmad/bmm/workflows/2-plan-workflows/prd/prd-template.md","3177313d1ebb102d956f414a44e91ea8471032b41702c3c23177574af1bba369"
"md","probability-impact","bmm","bmad/bmm/testarch/knowledge/probability-impact.md","446dba0caa1eb162734514f35366f8c38ed3666528b0b5e16c7f03fd3c537d0f"
"md","project-context","bmm","bmad/bmm/workflows/1-analysis/brainstorm-project/project-context.md","0f1888da4bfc4f24c4de9477bd3ccb2a6fb7aa83c516dfdc1f98fbd08846d4ba"
"md","project-overview-template","bmm","bmad/bmm/workflows/document-project/templates/project-overview-template.md","a7c7325b75a5a678dca391b9b69b1e3409cfbe6da95e70443ed3ace164e287b2"
"md","quick-spec-flow","bmm","bmad/bmm/docs/quick-spec-flow.md","215d508d27ea94e0091fc32f8dce22fadf990b3b9d8b397e2c393436934f85af"
"md","quick-start","bmm","bmad/bmm/docs/quick-start.md","4d5e28613ea745c5d1a2e7cb50d7cc5bad47a587f807e3c07d21ebb8bc20f9f6"
"md","README","bmm","bmad/bmm/README.md","ad4e6d0c002e3a5fef1b695bda79e245fe5a43345375c699165b32d6fc511457"
"md","README","bmm","bmad/bmm/docs/README.md","27a835cbc5ed50e4b076d8f0d9454c8e6b6826e69d72ec010df904e891023493"
"md","risk-governance","bmm","bmad/bmm/testarch/knowledge/risk-governance.md","2fa2bc3979c4f6d4e1dec09facb2d446f2a4fbc80107b11fc41cbef2b8d65d68"
"md","scale-adaptive-system","bmm","bmad/bmm/docs/scale-adaptive-system.md","f1bdaac7e6cf96dc115d8fd86c7dc499892ad745a1330221fedbaae1188c6a24"
"md","selective-testing","bmm","bmad/bmm/testarch/knowledge/selective-testing.md","c14c8e1bcc309dbb86a60f65bc921abf5a855c18a753e0c0654a108eb3eb1f1c"
"md","selector-resilience","bmm","bmad/bmm/testarch/knowledge/selector-resilience.md","a55c25a340f1cd10811802665754a3f4eab0c82868fea61fea9cc61aa47ac179"
"md","sm","bmm","bmad/bmm/agents/sm.md","f33a2e98bba2fc673e73857a8699be9b4bcab4b0182e050d407918c2d932496e"
"md","source-tree-template","bmm","bmad/bmm/workflows/document-project/templates/source-tree-template.md","109bc335ebb22f932b37c24cdc777a351264191825444a4d147c9b82a1e2ad7a"
"md","tea","bmm","bmad/bmm/agents/tea.md","e85c52a617f312bb15293c3ac4d64591a0f22b39dea85e35e6f7bfe779bb1060"
"md","tech-spec-template","bmm","bmad/bmm/workflows/2-plan-workflows/tech-spec/tech-spec-template.md","2b07373b7b23f71849f107b8fd4356fef71ba5ad88d7f333f05547da1d3be313"
"md","tech-writer","bmm","bmad/bmm/agents/tech-writer.md","1628a3422d57f597cbfde2d30a883995bee6ec81fe75e5245d73967171b819dc"
"md","template","bmm","bmad/bmm/workflows/1-analysis/domain-research/template.md","5606843f77007d886cc7ecf1fcfddd1f6dfa3be599239c67eff1d8e40585b083"
"md","template","bmm","bmad/bmm/workflows/1-analysis/product-brief/template.md","96f89df7a4dabac6400de0f1d1abe1f2d4713b76fe9433f31c8a885e20d5a5b4"
"md","template","bmm","bmad/bmm/workflows/3-solutioning/solutioning-gate-check/template.md","11c3b7573991c001a7f7780daaf5e5dfa4c46c3ea1f250c5bbf86c5e9f13fc8b"
"md","template","bmm","bmad/bmm/workflows/4-implementation/create-story/template.md","83c5d21312c0f2060888a2a8ba8332b60f7e5ebeb9b24c9ee59ba96114afb9c9"
"md","template","bmm","bmad/bmm/workflows/4-implementation/epic-tech-context/template.md","b5c5d0686453b7c9880d5b45727023f2f6f8d6e491b47267efa8f968f20074e3"
"md","template-deep-prompt","bmm","bmad/bmm/workflows/1-analysis/research/template-deep-prompt.md","2e65c7d6c56e0fa3c994e9eb8e6685409d84bc3e4d198ea462fa78e06c1c0932"
"md","template-market","bmm","bmad/bmm/workflows/1-analysis/research/template-market.md","e5e59774f57b2f9b56cb817c298c02965b92c7d00affbca442366638cd74d9ca"
"md","template-technical","bmm","bmad/bmm/workflows/1-analysis/research/template-technical.md","78caa56ba6eb6922925e5aab4ed4a8245fe744b63c245be29a0612135851f4ca"
"md","test-architecture","bmm","bmad/bmm/docs/test-architecture.md","84ed6c8fdb4bd42dd12c7f55c058bb2ed4ef6d765cb8d8d829e0880280c40826"
"md","test-design-template","bmm","bmad/bmm/workflows/testarch/test-design/test-design-template.md","d97f65bb741e6fcf40934606b17a2f6c78358390d41bee2dd183ff9cafb3bd5e"
"md","test-healing-patterns","bmm","bmad/bmm/testarch/knowledge/test-healing-patterns.md","b44f7db1ebb1c20ca4ef02d12cae95f692876aee02689605d4b15fe728d28fdf"
"md","test-levels-framework","bmm","bmad/bmm/testarch/knowledge/test-levels-framework.md","80bbac7959a47a2e7e7de82613296f906954d571d2d64ece13381c1a0b480237"
"md","test-priorities-matrix","bmm","bmad/bmm/testarch/knowledge/test-priorities-matrix.md","321c3b708cc19892884be0166afa2a7197028e5474acaf7bc65c17ac861964a5"
"md","test-quality","bmm","bmad/bmm/testarch/knowledge/test-quality.md","97b6db474df0ec7a98a15fd2ae49671bb8e0ddf22963f3c4c47917bb75c05b90"
"md","test-review-template","bmm","bmad/bmm/workflows/testarch/test-review/test-review-template.md","3e68a73c48eebf2e0b5bb329a2af9e80554ef443f8cd16652e8343788f249072"
"md","timing-debugging","bmm","bmad/bmm/testarch/knowledge/timing-debugging.md","c4c87539bbd3fd961369bb1d7066135d18c6aad7ecd70256ab5ec3b26a8777d9"
"md","trace-template","bmm","bmad/bmm/workflows/testarch/trace/trace-template.md","5453a8e4f61b294a1fc0ba42aec83223ae1bcd5c33d7ae0de6de992e3ee42b43"
"md","user-story-template","bmm","bmad/bmm/workflows/2-plan-workflows/tech-spec/user-story-template.md","4b179d52088745060991e7cfd853da7d6ce5ac0aa051118c9cecea8d59bdaf87"
"md","ux-design-template","bmm","bmad/bmm/workflows/2-plan-workflows/create-ux-design/ux-design-template.md","f9b8ae0fe08c6a23c63815ddd8ed43183c796f266ffe408f3426af1f13b956db"
"md","ux-designer","bmm","bmad/bmm/agents/ux-designer.md","f76054fec93dfc31d8e2c055565af16a4963f6386d83257a6d2b76ca582208c2"
"md","validate-json-instructions","bmm","bmad/bmm/workflows/frame-expert/_shared/validate-json-instructions.md","0970bac93d52b4ee591a11998a02d5682e914649a40725d623489c77f7a1e449"
"md","visual-debugging","bmm","bmad/bmm/testarch/knowledge/visual-debugging.md","072a3d30ba6d22d5e628fc26a08f6e03f8b696e49d5a4445f37749ce5cd4a8a9"
"md","workflow-architecture-reference","bmm","bmad/bmm/docs/workflow-architecture-reference.md","ce6c43a7f90e7b31655dd1bc9632cda700e105315f5ef25067319792274b2283"
"md","workflow-document-project-reference","bmm","bmad/bmm/docs/workflow-document-project-reference.md","1f271cd6c139def4de63a6e0b00800eaebb26353fb4c3758fb4d737c04c98e46"
"md","workflows-analysis","bmm","bmad/bmm/docs/workflows-analysis.md","4dd00c829adcf881ecb96e083f754a4ce109159cfdaff8a5a856590ba33f1d74"
"md","workflows-implementation","bmm","bmad/bmm/docs/workflows-implementation.md","d9d22fd7e11a5586f4c93d38f88fd93e4203d31d3388ad2d0de439cc8d35df79"
"md","workflows-planning","bmm","bmad/bmm/docs/workflows-planning.md","b713c4b5c3275daa8285fa5e8a18d9e2b6d38c66cbb77e302c15b40ea9bb3029"
"md","workflows-solutioning","bmm","bmad/bmm/docs/workflows-solutioning.md","193b6bfdafcf802b9ff6f39d1bea4fe09d788e3b2bbfe9ff034019c9a3fba696"
"xml","context-template","bmm","bmad/bmm/workflows/4-implementation/story-context/context-template.xml","582374f4d216ba60f1179745b319bbc2becc2ac92d7d8a19ac3273381a5c2549"
"yaml","analyst.agent","bmm","bmad/bmm/agents/analyst.agent.yaml",""
"yaml","architect.agent","bmm","bmad/bmm/agents/architect.agent.yaml",""
"yaml","architecture-patterns","bmm","bmad/bmm/workflows/3-solutioning/architecture/architecture-patterns.yaml","00b9878fd753b756eec16a9f416b4975945d6439e1343673540da4bccb0b83f5"
"yaml","config","bmm","bmad/bmm/config.yaml","6a234ad13ef9e9829e97b5d83a229ee4a0164c7f0266004a1daf877d0c27b69c"
"yaml","decision-catalog","bmm","bmad/bmm/workflows/3-solutioning/architecture/decision-catalog.yaml","f7fc2ed6ec6c4bd78ec808ad70d24751b53b4835e0aad1088057371f545d3c82"
"yaml","deep-dive","bmm","bmad/bmm/workflows/document-project/workflows/deep-dive.yaml","5bba01ced6a5a703afa9db633cb8009d89fe37ceaa19b012cb4146ff5df5d361"
"yaml","dev.agent","bmm","bmad/bmm/agents/dev.agent.yaml",""
"yaml","enterprise-brownfield","bmm","bmad/bmm/workflows/workflow-status/paths/enterprise-brownfield.yaml","19bc178043da95d12139d6a21752fbe732149bc27576b38532f0cca11edfd1b5"
"yaml","enterprise-greenfield","bmm","bmad/bmm/workflows/workflow-status/paths/enterprise-greenfield.yaml","fc8bb11fc4d5cca50d61cb74b8bd8dedd07dd037a0086f2bb98adf8e6fdd4aa0"
"yaml","excalidraw-templates","bmm","bmad/bmm/workflows/frame-expert/_shared/excalidraw-templates.yaml","ca6e4ae85b5ab16df184ce1ddfdf83b20f9540db112ebf195cb793017f014a70"
"yaml","frame-expert.agent","bmm","bmad/bmm/agents/frame-expert.agent.yaml",""
"yaml","full-scan","bmm","bmad/bmm/workflows/document-project/workflows/full-scan.yaml","0a9c4d6caa66ab51c3a9122956821bcd8b5c17207e845bfa1c4dccaef81afbb9"
"yaml","game-design","bmm","bmad/bmm/workflows/workflow-status/paths/game-design.yaml","f5228c1cd593348f03824535e19a6c41b926a49a0c63ca320a2cd2e0d8b11976"
"yaml","github-actions-template","bmm","bmad/bmm/workflows/testarch/ci/github-actions-template.yaml","28c0de7c96481c5a7719596c85dd0ce8b5dc450d360aeaa7ebf6294dcf4bea4c"
"yaml","gitlab-ci-template","bmm","bmad/bmm/workflows/testarch/ci/gitlab-ci-template.yaml","bc83b9240ad255c6c2a99bf863b9e519f736c99aeb4b1e341b07620d54581fdc"
"yaml","injections","bmm","bmad/bmm/workflows/1-analysis/research/claude-code/injections.yaml","dd6dd6e722bf661c3c51d25cc97a1e8ca9c21d517ec0372e469364ba2cf1fa8b"
"yaml","method-brownfield","bmm","bmad/bmm/workflows/workflow-status/paths/method-brownfield.yaml","18367b86f5c2ad2d04de8b68e2f4d7cd8e0420bf7baec5257e8bd11065dabb01"
"yaml","method-greenfield","bmm","bmad/bmm/workflows/workflow-status/paths/method-greenfield.yaml","d7388adf04b62b4686c26788fa67a199f9a1bf5dfdcf8c9f454ad0b9fe735d80"
"yaml","pm.agent","bmm","bmad/bmm/agents/pm.agent.yaml",""
"yaml","project-levels","bmm","bmad/bmm/workflows/workflow-status/project-levels.yaml","09d810864558bfbc5a83ed8989847a165bd59119dfe420194771643daff6c813"
"yaml","quick-flow-brownfield","bmm","bmad/bmm/workflows/workflow-status/paths/quick-flow-brownfield.yaml","0d8837a07efaefe06b29c1e58fee982fafe6bbb40c096699bd64faed8e56ebf8"
"yaml","quick-flow-greenfield","bmm","bmad/bmm/workflows/workflow-status/paths/quick-flow-greenfield.yaml","c6eae1a3ef86e87bd48a285b11989809526498dc15386fa949279f2e77b011d5"
"yaml","sm.agent","bmm","bmad/bmm/agents/sm.agent.yaml",""
"yaml","sprint-status-template","bmm","bmad/bmm/workflows/4-implementation/sprint-planning/sprint-status-template.yaml","1b9f6bc7955c9caedfc14e0bbfa01e3f4fd5f720a91142fb6e9027431f965a48"
"yaml","tea.agent","bmm","bmad/bmm/agents/tea.agent.yaml",""
"yaml","team-fullstack","bmm","bmad/bmm/teams/team-fullstack.yaml","3bc35195392607b6298c36a7f1f7cb94a8ac0b0e6febe61f745009a924caee7c"
"yaml","tech-writer.agent","bmm","bmad/bmm/agents/tech-writer.agent.yaml",""
"yaml","ux-designer.agent","bmm","bmad/bmm/agents/ux-designer.agent.yaml",""
"yaml","workflow","bmm","bmad/bmm/workflows/1-analysis/brainstorm-project/workflow.yaml","9fa9d8a3e3467e00b9ba187f91520760751768b56fa14a325cc166e708067afb"
"yaml","workflow","bmm","bmad/bmm/workflows/1-analysis/domain-research/workflow.yaml","8982b0afd7ccb3574075e411c42cf8b2c534a99e1af77b55d07778560fb70d2d"
"yaml","workflow","bmm","bmad/bmm/workflows/1-analysis/product-brief/workflow.yaml","9ea45f0e001eaf58afe8e54b782c28b27fa54007ed48fac6b4ec5b0d44091015"
"yaml","workflow","bmm","bmad/bmm/workflows/1-analysis/research/workflow.yaml","339f40af85bcff64fedf417156e0c555113219071e06f741d356aaa95a9f5d19"
"yaml","workflow","bmm","bmad/bmm/workflows/2-plan-workflows/create-epics-and-stories/workflow.yaml","f8867f93372c0cdb69330ae258c2b9e83d7ee8231c63592e6a8dbfcc7297dbc4"
"yaml","workflow","bmm","bmad/bmm/workflows/2-plan-workflows/create-ux-design/workflow.yaml","1c7c2330f003ae89200488551a67e1736c8a71dcc54d561210555a71568dbbad"
"yaml","workflow","bmm","bmad/bmm/workflows/2-plan-workflows/prd/workflow.yaml","691e8bd4e2c29ec0df9ce4654714fe521e14b472b7c1977903a037299e0cf363"
"yaml","workflow","bmm","bmad/bmm/workflows/2-plan-workflows/tech-spec/workflow.yaml","f66e76cc6e2250d7cafd89e319314e3898b6024df45d1564636b427d83e1454c"
"yaml","workflow","bmm","bmad/bmm/workflows/3-solutioning/architecture/workflow.yaml","674654381b1de028384839dc745eb82bc17b2bd65e5b0bb9262616b4be814694"
"yaml","workflow","bmm","bmad/bmm/workflows/3-solutioning/solutioning-gate-check/workflow.yaml","fabbfa898c9450439d5ad50826eb0c58792738ff0f83ced03305a71c577de26a"
"yaml","workflow","bmm","bmad/bmm/workflows/4-implementation/code-review/workflow.yaml","dda774baa6b9a4e437625ba259ef6dc3b2a6877383ad81878147a8b1a3adde0d"
"yaml","workflow","bmm","bmad/bmm/workflows/4-implementation/correct-course/workflow.yaml","bdd99b44c9e9c254d866f8c1f209abd2916432a0f15879874bf0bb288f1faeaa"
"yaml","workflow","bmm","bmad/bmm/workflows/4-implementation/create-story/workflow.yaml","b7e9de7d8c13e214aab58ccb66549fe730727f5c29e04d936a1cbde26a20de41"
"yaml","workflow","bmm","bmad/bmm/workflows/4-implementation/dev-story/workflow.yaml","e9606d13d916a17c61dd9f76a718acd14e586f836426d21120137878f7501b61"
"yaml","workflow","bmm","bmad/bmm/workflows/4-implementation/epic-tech-context/workflow.yaml","cb5693a6594bb23722939fbc95fe237dfb8ea6fd3c1e6bcb1d980e93ebfa3993"
"yaml","workflow","bmm","bmad/bmm/workflows/4-implementation/retrospective/workflow.yaml","99bf1de4a8624f7dd360382de808c5c19bd81780c4650335807cf0455b15883c"
"yaml","workflow","bmm","bmad/bmm/workflows/4-implementation/sprint-planning/workflow.yaml","9de72e216aae645679f98d405c96fbd34c57f0501588bd7247de07c53a4384bc"
"yaml","workflow","bmm","bmad/bmm/workflows/4-implementation/story-context/workflow.yaml","305bca28a3734fc9ea7a9261f7f1da3112496b8dc27daa01a53bd13aa9a74abd"
"yaml","workflow","bmm","bmad/bmm/workflows/4-implementation/story-done/workflow.yaml","0fa5e4a626f897c49c9b660e8d2d0e79b698f23466eb905515913d0574e05bb5"
"yaml","workflow","bmm","bmad/bmm/workflows/4-implementation/story-ready/workflow.yaml","9a18da9d18f85549e917179796c747468c8659ec3733417df5bee553a873d298"
"yaml","workflow","bmm","bmad/bmm/workflows/document-project/workflow.yaml","f929d6b0dad763572307b753639b6964b48413096952dba86e9104beefad7095"
"yaml","workflow","bmm","bmad/bmm/workflows/frame-expert/create-dataflow/workflow.yaml","eaa875206ba21eda130d181b90db1f58f3b549edcae649ff8b83352121dbcb5d"
"yaml","workflow","bmm","bmad/bmm/workflows/frame-expert/create-diagram/workflow.yaml","15d38f94533d3397441d11e172dd1d8d9384587bd669b390ad4a6dd143af3b1a"
"yaml","workflow","bmm","bmad/bmm/workflows/frame-expert/create-flowchart/workflow.yaml","0b9bdb21be920c4ea215f9793a59dbd202315b84af8cb5e107a73968532fab98"
"yaml","workflow","bmm","bmad/bmm/workflows/frame-expert/create-wireframe/workflow.yaml","7933e7c083bf39d8450d220354da0bc8a463415b0fa80dc252f87286e5344bde"
"yaml","workflow","bmm","bmad/bmm/workflows/testarch/atdd/workflow.yaml","31ff0577f76cfd8e7977594c5d847540dc3179ee8b1c61efd45ba8251e2bfed0"
"yaml","workflow","bmm","bmad/bmm/workflows/testarch/automate/workflow.yaml","6d7d07a3ecdf94b898303fa2c0f4adbd4f6a7b66c83328738d4c9bfd1af8eccb"
"yaml","workflow","bmm","bmad/bmm/workflows/testarch/ci/workflow.yaml","1fd7624ffdc56247735442187ef56f099e2dedebe1e2817f3811fa7037a56772"
"yaml","workflow","bmm","bmad/bmm/workflows/testarch/framework/workflow.yaml","383ef38df7431b70815258a087732a50fa3b588490314cbf3c8c11066a298885"
"yaml","workflow","bmm","bmad/bmm/workflows/testarch/nfr-assess/workflow.yaml","bc2c8da54d885f679987d199cdbc4341e599056246cc8aa54696a8ea2fec58ca"
"yaml","workflow","bmm","bmad/bmm/workflows/testarch/test-design/workflow.yaml","76f3da922c0cfc3ef53ec4ba5dbb9db9567451057e4f6afebcf5e7e975196410"
"yaml","workflow","bmm","bmad/bmm/workflows/testarch/test-review/workflow.yaml","c51784f783cd99f197cf1c7cee3e8b63de43d673064690731de93c5c5a939777"
"yaml","workflow","bmm","bmad/bmm/workflows/testarch/trace/workflow.yaml","825770b7d75e4a9818160d85f944d083059dd4516499d61b75e2b7d35a68c425"
"yaml","workflow","bmm","bmad/bmm/workflows/workflow-status/init/workflow.yaml","245df982c5c57670a3a3e9d52754e2b87de996031e31b759e91df8f5b9b23e9f"
"yaml","workflow","bmm","bmad/bmm/workflows/workflow-status/workflow.yaml","d50d6e5593b871a197a67af991efec5204f354fd6b2ffe93790c9107bdb334c9"
"yaml","workflow-status-template","bmm","bmad/bmm/workflows/workflow-status/workflow-status-template.yaml","0ec9c95f1690b7b7786ffb4ab10663c93b775647ad58e283805092e1e830a0d9"
"csv","default-party","cis","bmad/cis/teams/default-party.csv","352ab9a0809da706759e265da66f91884b80a6270fe85ff7f7fe8cbba61fa3a2"
"csv","design-methods","cis","bmad/cis/workflows/design-thinking/design-methods.csv","6735e9777620398e35b7b8ccb21e9263d9164241c3b9973eb76f5112fb3a8fc9"
"csv","innovation-frameworks","cis","bmad/cis/workflows/innovation-strategy/innovation-frameworks.csv","9a14473b1d667467172d8d161e91829c174e476a030a983f12ec6af249c4e42f"
"csv","solving-methods","cis","bmad/cis/workflows/problem-solving/solving-methods.csv","aa15c3a862523f20c199600d8d4d0a23fce1001010d7efc29a71abe537d42995"
"csv","story-types","cis","bmad/cis/workflows/storytelling/story-types.csv","ec5a3c713617bf7e2cf7db439303dd8f3363daa2f6db20a350c82260ade88bdb"
"md","brainstorming-coach","cis","bmad/cis/agents/brainstorming-coach.md","5b043286e5b2bdeee45153f70bc717eebc0f729e53f994ac3edd8e8380536a15"
"md","creative-problem-solver","cis","bmad/cis/agents/creative-problem-solver.md","08318d4add6bb05e106b847a7f758adbe253ea3f4438bbcd8dd58878ed58edca"
"md","design-thinking-coach","cis","bmad/cis/agents/design-thinking-coach.md","7e0e52784e5a9292ebbbcfa3d7326d0816fb96030f053dc0e683484a5999a907"
"md","innovation-strategist","cis","bmad/cis/agents/innovation-strategist.md","9e369b35ea154fc4c6a31429535ae11c9727a9b29deb80df78567e22c1a73a7f"
"md","instructions","cis","bmad/cis/workflows/design-thinking/instructions.md","b180534fc13c1b8594f0478b7c2137cd279142d4e9b3a91f6374f7ed01062574"
"md","instructions","cis","bmad/cis/workflows/innovation-strategy/instructions.md","388d36d9678b44f479ca4a1868a8fafc0f8857f532c33860ee61e34bfd4dc538"
"md","instructions","cis","bmad/cis/workflows/problem-solving/instructions.md","097fe5bf92fdac04c4905ae36d3fc0741e2a0b9bb92efb89fb47c0698fed9b74"
"md","instructions","cis","bmad/cis/workflows/storytelling/instructions.md","7898a79a394e1e79cee08acc9e882f8c09b74e08f680c9a425c1c1c2efd9e083"
"md","readme","cis","bmad/cis/readme.md","31e1194dcef4a18b744d9e11d8b8aec42f336ccd351e287a1b62e5cec5a9d22a"
"md","README","cis","bmad/cis/agents/README.md","dd7276c44ba77e9d856efaa9587666267279564a3f930398869f475341cd9c38"
"md","README","cis","bmad/cis/workflows/README.md","f8ff9630b4f89858389fefb8204fe6589a5f0ed78b3f5cdf16f537df39fe3855"
"md","README","cis","bmad/cis/workflows/design-thinking/README.md","0a38f88352dc4674f6e1f55a67ffebf403bf329c874a21a49ce7834c08f91f62"
"md","README","cis","bmad/cis/workflows/innovation-strategy/README.md","820a9e734fadf2cfac94d499cec2e4b41a54d054c0d2f6b9819da319beee4fb9"
"md","README","cis","bmad/cis/workflows/problem-solving/README.md","a5e75b9899751d7aabffcf65785f10d4d2e0455f8c7c541e8a143e3babceca8b"
"md","README","cis","bmad/cis/workflows/storytelling/README.md","1bad4223dce51cb5a7ab8c116467f78037a4583d3a840210ee2f160ad15b71ee"
"md","storyteller","cis","bmad/cis/agents/storyteller.md","914255f627c2f5ebe54c7c3e0c082ff14703a8a921d09f9032f4a2569388f9c5"
"md","template","cis","bmad/cis/workflows/design-thinking/template.md","7834c387ac0412c841b49a9fcdd8043f5ce053e5cb26993548cf4d31b561f6f0"
"md","template","cis","bmad/cis/workflows/innovation-strategy/template.md","e59bd789df87130bde034586d3e68bf1847c074f63d839945e0c29b1d0c85c82"
"md","template","cis","bmad/cis/workflows/problem-solving/template.md","6c9efd7ac7b10010bd9911db16c2fbdca01fb0c306d871fa6381eef700b45608"
"md","template","cis","bmad/cis/workflows/storytelling/template.md","461981aa772ef2df238070cbec90fc40995df2a71a8c22225b90c91afed57452"
"yaml","brainstorming-coach.agent","cis","bmad/cis/agents/brainstorming-coach.agent.yaml",""
"yaml","config","cis","bmad/cis/config.yaml","564bab62cf2738543565923d1e1ffa9e3f3c8392214937e7655affc8e8adc119"
"yaml","creative-problem-solver.agent","cis","bmad/cis/agents/creative-problem-solver.agent.yaml",""
"yaml","creative-squad","cis","bmad/cis/teams/creative-squad.yaml","25407cf0ebdf5b10884cd03c86068e04715ef270ada93a3b64cb9907b62c71cf"
"yaml","design-thinking-coach.agent","cis","bmad/cis/agents/design-thinking-coach.agent.yaml",""
"yaml","innovation-strategist.agent","cis","bmad/cis/agents/innovation-strategist.agent.yaml",""
"yaml","storyteller.agent","cis","bmad/cis/agents/storyteller.agent.yaml",""
"yaml","workflow","cis","bmad/cis/workflows/design-thinking/workflow.yaml","ed3bbc67d04ead223db509be598c95e70119e989948d924afb51ec7a73b96686"
"yaml","workflow","cis","bmad/cis/workflows/innovation-strategy/workflow.yaml","919a9a6616a292de7a322ff3791ec961ec2931b3e1ce1720e0afb172b2d3a1b7"
"yaml","workflow","cis","bmad/cis/workflows/problem-solving/workflow.yaml","c855a2504fe82d5d4872b0ddd5b241a18825f84aefdabc7c200ae9fce1e4f1d4"
"yaml","workflow","cis","bmad/cis/workflows/storytelling/workflow.yaml","fa426825d6e014bf5f11788f1f38b10bb398cefd59472e113c814878810bc51c"
"csv","adv-elicit-methods","core","bmad/core/tasks/adv-elicit-methods.csv","b4e925870f902862899f12934e617c3b4fe002d1b652c99922b30fa93482533b"
"csv","advanced-elicitation-methods","core","bmad/core/tasks/advanced-elicitation-methods.csv","a8fe633e66471b69224ec2ee67c6bb2480c33c6fa9d416f672e3a5620ec5f33b"
"csv","brain-methods","core","bmad/core/workflows/brainstorming/brain-methods.csv","ecffe2f0ba263aac872b2d2c95a3f7b1556da2a980aa0edd3764ffb2f11889f3"
"md","bmad-master","core","bmad/core/agents/bmad-master.md","c3ea81c23e826ec85b886819e5b4a610ce937184559216bc9ed082e82d1967c3"
"md","instructions","core","bmad/core/workflows/brainstorming/instructions.md","908a9c0be48b2bd6eabdc33110abd23c5c63c183be9e7db0bfd79134dbe77deb"
"md","instructions","core","bmad/core/workflows/party-mode/instructions.md","5fcdad7ed0773d62a1f64b78454a60c81d500071626233b014824596120db1ab"
"md","README","core","bmad/core/workflows/brainstorming/README.md","36105ef126ff15bad4d0741812cd79af73a96afd6457c04d45e9b03e6ec9c71c"
"md","template","core","bmad/core/workflows/brainstorming/template.md","f2fe173a1a4bb1fba514652b314e83f7d78c68d09fb68071f9c2e61ee9f61576"
"xml","advanced-elicitation","core","bmad/core/tasks/advanced-elicitation.xml","afb4020a20d26c92a694b77523426915b6e9665afb80ef5f76aded7f1d626ba6"
"xml","bmad-web-orchestrator.agent","core","bmad/core/agents/bmad-web-orchestrator.agent.xml","2c2c3145d2c54ef40e1aa58519ae652fc2f63cb80b3e5236d40019e177853e0e"
"xml","index-docs","core","bmad/core/tasks/index-docs.xml","c6a9d79628fd1246ef29e296438b238d21c68f50eadb16219ac9d6200cf03628"
"xml","shard-doc","core","bmad/core/tools/shard-doc.xml","a0ddae908e440be3f3f40a96f7b288bcbf9fa3f8dc45d22814a957e807d2bedc"
"xml","validate-workflow","core","bmad/core/tasks/validate-workflow.xml","63580411c759ee317e58da8bda6ceba27dbf9d3742f39c5c705afcd27361a9ee"
"xml","workflow","core","bmad/core/tasks/workflow.xml","dcf69e99ec2996b85da1de9fac3715ae5428270d07817c40f04ae880fcc233fc"
"yaml","bmad-master.agent","core","bmad/core/agents/bmad-master.agent.yaml",""
"yaml","config","core","bmad/core/config.yaml","95828a5323bf0622a2f71d6443d4fe5beece6f0ed7a68c1ec01ce1b3df5fe1c6"
"yaml","workflow","core","bmad/core/workflows/brainstorming/workflow.yaml","4d1e0b4acbfea0cb23b510c42f576455efc65987bcdc703449dc4991d0dac7f3"
"yaml","workflow","core","bmad/core/workflows/party-mode/workflow.yaml","37bfaa33b21b4a8405473f5051bf2c88c767baf7f49bbbc0006201277fcee8af"
